text,time,rating,category
来今雨轩茶社,4,4.7,餐饮美食
端门快餐,3,3.7,餐饮美食
老北京炸酱面(芳华便利店店),12,4.4,餐饮美食
隆德堂青瓷艺术茶馆(故宫店),10,4.3,餐饮美食
北京三禾稻香村(南池子店),10,4.4,餐饮美食
庆丰包子铺,10,4.5,餐饮美食
程府宴(南长街四合院店),18,4.6,餐饮美食
潮府林苑·潮州菜(故宫店),19,4.6,餐饮美食
泽园酒家,19,4.2,餐饮美食
四季民福烤鸭店(故宫店),10,4.8,餐饮美食
河沿肉饼Beijing Pie(故宫店),10,4.5,餐饮美食
厚榭潮汕菜(王府井步行街店),18,4.4,餐饮美食
北平制冰厂,9,,餐饮美食
The Georg,8,4.5,餐饮美食
吉祥春饼·烤鸭(北京故宫店),9,4.5,餐饮美食
"南门铜锅涮肉(故宫,王府井店)",7,4.6,餐饮美食
京宝源南门涮肉(王府井店),21,4.5,餐饮美食
国家大剧院咖啡厅,36,4.0,餐饮美食
信阳宴(天安大厦店),23,4.4,餐饮美食
41号炸酱面(南河沿店),15,4.0,餐饮美食
庆丰包子铺(故宫店),9,4.4,餐饮美食
毛家食府烤鸭店,21,4.4,餐饮美食
茶百道(北京东城故宫东华门店),13,4.5,餐饮美食
北京贵宾楼饭店,21,4.7,餐饮美食
北京贵宾楼饭店·红墙咖啡厅(王府井步行街店),21,4.3,餐饮美食
印象北京-稻香村,13,4.4,餐饮美食
十八梯棚棚面(故宫店),13,4.2,餐饮美食
河沿肉饼(东华门店),9,4.7,餐饮美食
百年前门铜锅涮肉(故宫东门12店),9,4.5,餐饮美食
南门涮肉(故宫王府井旗舰店),20,4.6,餐饮美食
东门涮肉(故宫·王府井店),10,4.5,餐饮美食
紫光园清真北京小吃(故宫·东华门店),10,4.6,餐饮美食
京门南门涮肉(北京店),10,4.3,餐饮美食
全福德烤鸭店(故宫东门店),12,4.7,餐饮美食
老东门百年卤煮(故宫店),10,4.3,餐饮美食
luckin coffee 瑞幸咖啡(东华门大街店),10,4.5,餐饮美食
胡同是甜的,14,4.3,餐饮美食
北京饭店谭家菜,29,4.4,餐饮美食
温鼎府·海鲜火锅(前门23号院店),26,4.8,餐饮美食
冰窖餐厅,8,3.9,餐饮美食
糖房咖啡(故宫店),13,4.5,餐饮美食
翠明庄宾馆,10,4.7,餐饮美食
前门杨记涮肉,22,4.6,餐饮美食
仁和酒家(东华门大街),12,4.3,餐饮美食
半山腰·云南菜(王府中環旗舰店),16,4.6,餐饮美食
北京隆和居美食城(正义路店),19,4.4,餐饮美食
京城九门轩烤鸭店(故宫店),12,4.7,餐饮美食
八爷涮肉(王府井·故宫店),12,4.7,餐饮美食
王府海堂HAITANG(王府中环西座店),19,4.7,餐饮美食
北京饭店诺金作家酒吧,28,4.6,餐饮美食
清真·穆府兰州牛肉面•麻辣烫,19,4.3,餐饮美食
馥苑(王府中环)北京首店,20,4.3,餐饮美食
北京饭店,28,4.5,餐饮美食
正耀胡同小馆 • 烤鸭专研店(王府井店),19,4.5,餐饮美食
北京饭店-诺金东33餐厅,28,4.0,餐饮美食
樱之味精致料理融合餐厅,19,4.3,餐饮美食
醉面(王府井喜悦购物中心店),25,4.4,餐饮美食
景运门故宫餐厅,18,3.9,餐饮美食
Grid Coffee(北京王府中環店),18,4.5,餐饮美食
荔银肠粉(王府井喜悦店),19,4.4,餐饮美食
普瑞轩茶空间(王府井店),18,4.6,餐饮美食
老南门涮肉,19,4.6,餐饮美食
LINLEE·手打柠檬茶(西城前门店),25,4.2,餐饮美食
文华饼店The Mandarin Cake Shop(王府中环东座店),18,4.5,餐饮美食
LeGrenieraPain正本原(王府中环东座店),19,4.5,餐饮美食
肯德基(前门店),25,4.6,餐饮美食
素虎(前门店),24,4.7,餐饮美食
BONJOUR本就(北京王府中环店),20,4.5,餐饮美食
麦当劳(正阳市场店),24,4.6,餐饮美食
野火·鲜蚝·Craft beer,19,4.5,餐饮美食
肯悦咖啡前门店,20,4.2,餐饮美食
紫膳,19,4.4,餐饮美食
金宅门烤鸭店(前门东大街店),26,4.5,餐饮美食
京城烤鸭店,21,4.4,餐饮美食
紫光园清真北京小吃(天安门店),21,4.7,餐饮美食
尹三豆汁(王府井喜悦店),20,4.6,餐饮美食
肯德基(前门东大街店),28,4.5,餐饮美食
鮨政·Omakase(北京王府中环店),19,4.5,餐饮美食
南门铜锅涮肉(前门总店),27,4.5,餐饮美食
云阿蛮云南生烫牛肉米线(王府井店),20,4.5,餐饮美食
星巴克(王府井喜悦店),19,4.5,餐饮美食
京州涮·老北京铜锅涮羊肉(王府井故宫店),14,4.7,餐饮美食
小肠陈卤煮(王府井喜悦店),19,4.5,餐饮美食
莆田餐厅PUTIEN(王府中环店),22,4.5,餐饮美食
方砖厂69号炸酱面(王府世纪店),19,4.7,餐饮美食
文华扒房,18,4.3,餐饮美食
北京饭店中华礼仪厅(长安街店),21,4.3,餐饮美食
糖小妙可丽饼(王府井喜悦店),20,4.3,餐饮美食
升旗宾馆(北京天安门广场前门地铁站店),28,4.6,餐饮美食
梨花牛肉汤(王府井喜悦店),20,4.3,餐饮美食
cococean椰子水(王府中环东座店),18,4.2,餐饮美食
首尔饭家(王府中环东座店),19,4.4,餐饮美食
呷哺呷哺(王府井百货店),20,4.4,餐饮美食
LELECHA乐乐茶(王府井喜悦店),20,4.4,餐饮美食
小木船潮汕牛肉火锅(王府井喜悦旗舰店),20,4.5,餐饮美食
百年前门铜锅涮肉(王府井喜悦7店),20,4.7,餐饮美食
明园餐厅·烤鸭·北京菜(王府井店),19,4.7,餐饮美食
方砖厂69号炸酱面(王府井喜悦店),20,4.7,餐饮美食
霸王茶姬(北京王府井喜悦店),20,4.6,餐饮美食
老北京炸酱面·烤鸭(前门店),21,4.6,餐饮美食
三元梅园(王府井喜悦店),20,4.3,餐饮美食
味千拉面(王府井喜悦店),20,4.3,餐饮美食
米村拌饭(王府井喜悦店),20,4.5,餐饮美食
初色海鲜自助(王府井喜悦店),20,4.6,餐饮美食
卤校长老火锅(王府井喜悦店),20,4.6,餐饮美食
卷翻天·卷饼(王府井喜悦店),20,4.1,餐饮美食
涛小匠京味麻辣烫(王府井喜悦店),20,4.4,餐饮美食
瑞幸咖啡(王府井喜悦店),20,4.5,餐饮美食
泰妃殿(北京首店),20,4.6,餐饮美食
明洞阿姨韩式酱蟹烤肉大排档(王府井喜悦中心店),20,4.6,餐饮美食
Tomacado花厨(王府中環旗舰店),21,4.7,餐饮美食
瑭所(王府中环东座店),19,4.5,餐饮美食
The Cheesecake Factory芝乐坊餐厅(王府中环东座店),21,4.7,餐饮美食
茶百道(北京王府井喜悦中心店),20,4.4,餐饮美食
喜茶(北京王府井喜悦购物中心店),20,4.5,餐饮美食
Leclair de genie闪电巴黎(王府中环东座店),21,4.6,餐饮美食
蟹太太(王府井喜悦店),20,4.5,餐饮美食
拉蒂娜·巴西牛排馆 Latina(王府井店),20,4.6,餐饮美食
盖码帮·长沙小炒(王府井喜悦店),20,4.4,餐饮美食
第六季自助餐厅(王府世纪店),16,4.7,餐饮美食
潮选·潮汕菜(王府井喜悦店),20,4.5,餐饮美食
CHINCHIN青青·泰国料理(王府中环东座店),21,4.3,餐饮美食
黔三一夺夺粉酸汤火锅(王府井店),20,4.5,餐饮美食
东庆涮肉(王府井喜悦店),20,4.5,餐饮美食
52Piccolo餐厅(王府井喜悦店),20,4.6,餐饮美食
大董(王府井喜悦购物中心店),20,4.6,餐饮美食
熊喵来了火锅(北京王府井喜悦店),20,4.7,餐饮美食
玺源居涮肉(王府井店),20,4.7,餐饮美食
LINLEE·手打柠檬茶(王府井喜悦店),20,4.4,餐饮美食
喜悦炙子烤肉·北京菜(王府井喜悦店),20,4.4,餐饮美食
兰西西砂锅(王府井喜悦店),20,4.3,餐饮美食
燃堂宜宾燃面,24,4.5,餐饮美食
鸡柳大人(王府井喜悦店),20,4.4,餐饮美食
丰泽园饭店(王府井店),19,4.7,餐饮美食
A One Kitchen·南京精菜馆(北京南京大饭店分店),17,4.5,餐饮美食
比格比萨自助(王府井喜悦店),20,4.6,餐饮美食
四眼仔车仔面(王府井喜悦店),20,4.1,餐饮美食
鱼你在一起(王府井喜悦购物中心店),20,4.2,餐饮美食
农小锅(北京王府井喜悦店),20,4.5,餐饮美食
晶丽香榭自助餐(南京大饭店),16,4.6,餐饮美食
拾也·烤肉放题(王府井喜悦店),20,4.6,餐饮美食
Hatsune隐泉日式料理(王府中环店),20,4.5,餐饮美食
庆丰包子铺(正阳市场4号楼店),23,4.3,餐饮美食
巧克玩家(王府井喜悦店),20,4.2,餐饮美食
泰丰楼,23,4.6,餐饮美食
爷爷不泡茶NOYEYENOTEA(北京王府井东安门店),17,4.6,餐饮美食
醉人椒麻辣香锅(王府井喜悦店),20,4.2,餐饮美食
% Arabica阿拉比卡咖啡(王府中環店),22,4.4,餐饮美食
前门胡同铜锅涮肉(北京总店),21,4.3,餐饮美食
南门四季铜锅涮肉(王府井店),19,4.5,餐饮美食
蜜雪冰城(王府井喜悦店),19,4.6,餐饮美食
前门往事炙子烤肉(西河沿店),21,4.4,餐饮美食
四季民福烤鸭店(王府井东安门店),17,4.8,餐饮美食
辉佐参鸡汤(王府井喜悦店),20,4.5,餐饮美食
奈雪的茶(王府井喜悦购物中心店),20,4.5,餐饮美食
宫逗小厨·新派亲子涮肉,16,4.4,餐饮美食
胡同月色(北京市百货大楼店),19,4.5,餐饮美食
食之六七面馆(王府中环东座店),22,4.5,餐饮美食
和合谷(王府井百货店),19,4.4,餐饮美食
鸿运楼老北京涮肉(前门店),22,4.8,餐饮美食
满记甜品(北京市百货大楼店),19,4.6,餐饮美食
南门烤鸭店(王府井总店),16,4.4,餐饮美食
大鸭梨烤鸭(王府井臻选店),20,4.7,餐饮美食
京城第一羯(前门总店),22,4.7,餐饮美食
the Roll'ING手作瑞士卷专门店(北京王府井喜悦店),23,4.4,餐饮美食
京城贝勒爷炙子烤肉,21,4.6,餐饮美食
满恒源·炭火铜锅涮肉(西河沿总店),22,4.6,餐饮美食
baker&spice(北京王府中环店店),20,4.5,餐饮美食
郭记北京烤鸭(王府井步行街店),19,4.3,餐饮美食
方砖厂69号炸酱面(前门西河沿店),22,4.7,餐饮美食
金掌勺(王府井店),22,4.6,餐饮美食
星巴克(北京市百货大楼店),22,4.6,餐饮美食
阿达西新疆风味餐厅(王府井店),15,4.5,餐饮美食
MUJI Diner無印良品餐堂(北京坊店),22,4.6,餐饮美食
河沿肉饼BeijingPie(前门店),20,4.7,餐饮美食
景福轩·福建菜(王府中环东座店),22,4.4,餐饮美食
星巴克(王府中环店),20,4.5,餐饮美食
哈根达斯(北京哈姆雷斯店),22,4.6,餐饮美食
露丝卡文·世界冠军面包(王府井百货大楼店),22,4.3,餐饮美食
沙胆彪炭炉牛杂煲(北京通州湾里王府井店),18,4.4,餐饮美食
九十叶·抹茶专门店(王府中环东座店),22,4.5,餐饮美食
蟹道(王府中环东座店),22,4.6,餐饮美食
前门大街夜市,23,4.7,餐饮美食
Cafe&Meal MUJI(北京坊西区店),22,4.3,餐饮美食
清华池咖啡(北京市百货大楼店),22,4.4,餐饮美食
半天妖烤鱼(北京市百货大楼店),22,4.6,餐饮美食
阿香米线(北京王府井百货餐厅),22,4.3,餐饮美食
三禾北京稻香村(北京市百货大楼店),22,4.6,餐饮美食
护国寺小吃(肉市街店),23,4.5,餐饮美食
谷田稻香(北京市百货大楼店),22,4.3,餐饮美食
北京胡同烤鸭店(前门店),30,4.6,餐饮美食
正阳炸酱面·烤鸭·新京菜(前门大街店),23,4.5,餐饮美食
月盛斋(前门店),23,4.6,餐饮美食
翠园Jade Garden(王府中环东座店),19,4.5,餐饮美食
肯德基(建华店),19,4.6,餐饮美食
聚宝源(王府井·故宫店),22,4.7,餐饮美食
站点比萨(王府井百货店),22,4.5,餐饮美食
京烟零售(西城四店),17,4.6,购物服务
芳华便利店,13,4.3,购物服务
文创商店(中国国家博物馆店),29,4.1,购物服务
东华门内-故宫文创,8,4.5,购物服务
全聚德(南池子大街店),10,4.3,购物服务
南池子大街,9,4.4,购物服务
标婷护肤品专卖店,8,4.3,购物服务
青稚护手霜(北京东华门店),10,4.2,购物服务
红墙里汉服体验店(故宫店),10,4.4,购物服务
果宜客便利店,19,4.4,购物服务
九花亭汉服清宫服体验(故宫店),15,4.7,购物服务
诗雅阁汉服馆明制服格格服簪花服,16,4.2,购物服务
宫廷佳人汉服体验馆,16,4.4,购物服务
宫廷内外古装体验馆,9,4.2,购物服务
中国世家鉴定收藏网,14,4.2,购物服务
烟酒食品店,27,4.1,购物服务
安硕汉服清宫服体验馆(古装摄影),9,4.3,购物服务
北京景泰蓝,12,4.1,购物服务
北京稻香村(东华门店),11,4.4,购物服务
中商惠民超市(王府井店),13,4.0,购物服务
LE LABO北京合院香氛实验室(王府中环店),16,4.5,购物服务
Aesop伊索(王府中环19号府店),16,4.5,购物服务
PATEK PHILIPPE,26,4.5,购物服务
迪兴天天超市,13,4.3,购物服务
慕佳人汉服清宫服体验馆(故宫店),13,4.3,购物服务
故宫文创馆汉字馆,18,,购物服务
老北京风情街,21,4.2,购物服务
Dover Street Market(王府中环西座店),18,4.4,购物服务
王府中环西座,18,4.5,购物服务
法信书店,19,4.1,购物服务
百年灵(北京王府中环精品店),19,4.1,购物服务
中商惠民便利(王府井店),20,4.2,购物服务
ARC'TERYX始祖鸟(北京王府中环店),21,4.5,购物服务
气球暖暖星(王府井喜悦店),21,4.1,购物服务
加拿大鹅(北京王府中環店),18,4.5,购物服务
CHAUMET(王府中环东座店),19,4.3,购物服务
六福珠宝(北京王府中环广场店),19,4.0,购物服务
便利蜂(王府井步行街店),18,4.4,购物服务
COS(王府中环东座店),19,4.4,购物服务
鼎+Dimbar点心·粥·粉面(北京王府井店),19,3.8,购物服务
嗨特购HITGOO(王府井喜悦店),21,4.3,购物服务
songmont山下有松(北京王府中环店),18,4.4,购物服务
王府中环,18,4.9,购物服务
爱彼(北京王府中环精品店),19,4.2,购物服务
布谷社PrismLand(王府井喜悦店),21,4.4,购物服务
溥仪眼镜(王府中环店),19,4.2,购物服务
九卿房故宫文创,11,,购物服务
TORY BURCH北京王府中环店,22,4.1,购物服务
鑫通平价超市(行李寄存租轮椅),20,4.4,购物服务
云南汇.49coffee,9,,购物服务
老铺黄金(王府中环店),19,4.5,购物服务
名创优品(王府井喜悦店),21,4.5,购物服务
泡泡玛特POP MART自动售货机(王府中环店),19,4.4,购物服务
RELX悦刻(王府井喜悦店),21,4.5,购物服务
源氏木语(东城王府井店),21,4.2,购物服务
MumuLand木木来电(王府井喜悦店),21,4.0,购物服务
福录(王府井喜悦店),21,3.5,购物服务
止痒商店(王府井喜悦店),21,4.4,购物服务
王府井喜悦,21,4.8,购物服务
GuGuGuGu(王府井喜悦店),21,4.2,购物服务
江诗丹顿(王府中环直营店),19,4.0,购物服务
小米之家(东城区王府井百货大楼专卖店),18,4.3,购物服务
东华金街购物中心,21,4.0,购物服务
BOTTEGA VENETA(北京王府中环店),18,3.9,购物服务
西庭·秀色Turkish Feast(王府中环东座店),18,4.5,购物服务
菜百首饰(北京市百货大楼店),19,4.2,购物服务
圣罗兰(北京王府中环店),22,4.1,购物服务
九木杂物社(王府井喜悦店),21,4.1,购物服务
花点时间鲜花店(王府井喜悦店),21,3.9,购物服务
仲夏物语(王府井喜悦店),21,4.1,购物服务
行李寄存永成超市,26,4.4,购物服务
契意坊(北京市百货大楼店),18,3.7,购物服务
LONGCHAMP(王府中环东座店),18,4.3,购物服务
HERE奇梦岛北京王府井喜悦店,21,4.0,购物服务
宝玑精品店 (北京王府中环店),18,3.9,购物服务
王府井商业街,16,4.6,购物服务
北京市百货大楼南馆,16,4.2,购物服务
BYREDO(北京王府中环店),22,3.9,购物服务
紫金阁,16,4.0,购物服务
叁迁造物社(王府井喜悦店),21,4.4,购物服务
开心实验室(王府井喜悦店),21,4.1,购物服务
王府中环东座,18,4.5,购物服务
小天才步步高(北京百货大楼二层店),16,4.1,购物服务
Hamleys哈姆雷斯(百货大楼店),16,4.7,购物服务
知喜书局(王府井喜悦店),22,4.1,购物服务
SUPER RARE(王府井喜悦店),22,4.4,购物服务
牛将军雪花牛·火锅烤肉铁板烧(北京王府井·故宫店),21,4.7,购物服务
DIOR迪奥美妆(北京王府井店),21,4.2,购物服务
漫库MANCOOL(王府井喜悦店),22,4.5,购物服务
迪士尼商店(王府井喜悦店),22,4.6,购物服务
apm MONACO(王府中环东座店),21,4.5,购物服务
大明眼镜(王府井旗舰店),22,4.6,购物服务
观夏书阁(王府中环东座店),21,4.5,购物服务
好友世界商场(装修中),20,4.0,购物服务
老铺黄金(百货大楼店),19,4.5,购物服务
王府井乐器城(东城王府井店),21,4.3,购物服务
王府商厦(王府井喜悦店),21,4.3,购物服务
屈臣氏(北京市百货大楼店),19,4.5,购物服务
jELLYCAT(北京市百货大楼店),19,4.6,购物服务
装修五金建材,20,3.9,购物服务
张一元茶庄(东华金街购物中心店),21,4.4,购物服务
ROLEX(王府中环MO Bar店),21,4.4,购物服务
华为授权体验店(王府井百货),19,4.5,购物服务
红都,23,4.3,购物服务
富士拍立得(北京市百货大楼店),19,4.1,购物服务
华为合作店(东华金街),22,4.0,购物服务
亨吉利世界名表中心(北京市百货大楼店),16,4.0,购物服务
SALOMON萨洛蒙(王府中环东座店),22,4.5,购物服务
有仙儿集淘趣财神殿,22,4.5,购物服务
北京特产平价超市(王府井总店),20,4.1,购物服务
天梭 TISSOT(北京市百货大楼店),16,4.1,购物服务
BURBERRY(北京王府中环),22,4.4,购物服务
ASICS 亚瑟士(北京市百货大楼店),21,4.1,购物服务
马歇尔Marshall(王府井百货大楼店),21,3.7,购物服务
鹰巢数码(北京市百货大楼店),21,3.8,购物服务
青稚护手霜(北京王府井店),20,4.4,购物服务
Apple(北京市百货大楼店),21,3.8,购物服务
华硕智汇家(王府井百货大楼店),21,4.3,购物服务
Gucci(王府中环东座店),22,4.3,购物服务
前门铛铛喜市,23,4.1,购物服务
泰普尔(北京百货大楼店),21,3.6,购物服务
DJI大疆(北京市百货大楼店),21,4.2,购物服务
浪琴表LONGINES(北京市百货大楼店),20,4.0,购物服务
GRAFF格拉夫(北京王府中環珠宝店),19,4.3,购物服务
博朗(北京市百货大楼店),21,3.4,购物服务
TUMI(王府中环东座店),19,4.0,购物服务
Tiffany & Co.蒂芙尼(北京王府中环店),22,4.3,购物服务
北京市百货大楼北馆,21,4.4,购物服务
POP MART泡泡玛特机器人商店(北京市百货大楼店),16,4.4,购物服务
MUJI無印良品(北京坊店),21,4.7,购物服务
北京市百货大楼,19,4.7,购物服务
ΙWС万国(王府井百货店),19,3.9,购物服务
鬼冢虎 Onitsuka Tiger(北京市百货大楼店),19,3.9,购物服务
FILA(北京市百货大楼店),19,4.1,购物服务
佳能相机旗舰店(前门北京坊店),22,4.8,购物服务
lululemon(北京王府井中环中心店),21,4.5,购物服务
索尼富士相机旗舰店(北京坊店),22,4.4,购物服务
王府井百货(北京市百货大楼店)-楼梯,19,4.4,购物服务
vivinevo维维尼奥香氛艺术馆(北京坊店),22,4.2,购物服务
COACH(北京市百货大楼),19,4.3,购物服务
Cartier(王府中环东座店),19,4.4,购物服务
天福号(北京市百货大楼店),20,4.5,购物服务
苹果专卖店(北京市百货大楼店),19,4.0,购物服务
CHANEL(北京市百货大楼店),17,4.3,购物服务
宝珀北京王府中环旗舰店,19,4.2,购物服务
梵克雅宝(王府中环东座店),18,4.4,购物服务
全聚德(百货大楼店),19,4.5,购物服务
三元梅园(王府井店),19,4.6,购物服务
U.W优物生活百货(北京坊店),23,4.3,购物服务
OMEGA欧米茄(北京市百货大楼店),20,4.2,购物服务
盛锡福(王府井大街店),20,4.1,购物服务
飞利浦(北京市百货大楼店),20,3.9,购物服务
海澜之家(王府井大街店),20,4.4,购物服务
IWC万国表(王府中環旗舰店),19,4.3,购物服务
GARMIN(北京市百货大楼店),20,4.1,购物服务
奥佳华按摩椅(王府井百货大楼店),20,3.7,购物服务
积家Jaeger-LeCoultre(王府中环精品店),18,4.2,购物服务
京东便利店(前门大街店),24,4.3,购物服务
PAGE ONE(北京坊店),21,4.8,购物服务
吴裕泰茶庄(王府井店),20,4.7,购物服务
小罐茶(王府井百货店),20,4.2,购物服务
红螺食品(北京市百货大楼店),20,3.8,购物服务
北京市王府井阳光菜市场,17,4.4,购物服务
飞剑(北京市百货大楼店),20,3.6,购物服务
AlooooohaVintage奢侈品寄卖·回收置换养护(北京坊店),25,4.6,购物服务
六必居(北京市百货大楼店),20,4.4,购物服务
LA MER(北京市百货大楼店),18,4.2,购物服务
北京市东城区王府井食品商场,20,4.4,购物服务
飞亚达(北京王府井钟表城一店),20,4.1,购物服务
薄荷公社(北京坊店),25,3.8,购物服务
老铺点钻(东方新天地店),36,4.0,购物服务
浪琴表Longines(东方广场直营店),36,4.1,购物服务
老铺黄金(禅房主题店),36,4.3,购物服务
工美大厦(东单三条),26,4.6,购物服务
精选超市(北京市百货大楼店),18,4.4,购物服务
挽苏旗袍(前门大街店),24,4.4,购物服务
谦祥益(北京坊店),24,4.1,购物服务
POLO RALPH LAUREN(北京市百货大楼店),21,4.3,购物服务
OMEGA欧米茄(北京王府井丹耀大厦店),19,4.2,购物服务
亨得利(北京王府井旗舰店),26,4.5,购物服务
老北京布鞋(王府井专卖店),26,4.2,购物服务
MUJI無印良品(北京市百货大楼店),18,4.6,购物服务
耐克Nike(北京市百货大楼店),18,4.2,购物服务
小天才步步高(王府井图书大厦二层店),26,4.3,购物服务
北京坊,25,4.7,购物服务
王府井新华书店眼镜店,36,4.3,购物服务
亨得利名表维修(王府井店),29,4.3,购物服务
雅诗兰黛(北京市百货大楼店),18,4.1,购物服务
科大讯飞AI学习机专卖店(王府井图书大厦店),22,3.9,购物服务
李宁(王府井二店),20,3.7,购物服务
安踏(丹耀大厦店),20,4.0,购物服务
MUJI無印良品(东方新天地店),27,4.5,购物服务
天梭表Tissot(北京东方广场直营店),27,4.1,购物服务
御食园(前门旗舰店),24,4.3,购物服务
中山公园音乐堂,4,4.7,休闲娱乐
东苑戏楼,15,4.1,休闲娱乐
国家大剧院艺术馆,36,,休闲娱乐
国家大剧院,36,4.8,休闲娱乐
国家大剧院歌剧院,34,4.6,休闲娱乐
国家大剧院音乐厅,34,4.6,休闲娱乐
国家大剧院-小剧场,35,4.5,休闲娱乐
北京饭店金色大厅.演出厅,29,4.0,休闲娱乐
19号府,17,4.1,休闲娱乐
东城智德社区养老服务驿站,14,,休闲娱乐
Blue Note Beijing,24,4.8,休闲娱乐
easy rider逍遥骑士俱乐部,17,3.5,休闲娱乐
长安俱乐部(长安大厦店),19,4.6,休闲娱乐
蓄力健身游泳培训基地(北京饭店游泳馆),21,4.1,休闲娱乐
北京饭店游泳馆,21,3.8,休闲娱乐
咚萌Domo-Ani,20,3.7,休闲娱乐
王府井冰场(王府中环西座店),19,4.4,休闲娱乐
Pure Yoga(王府中环东座店),20,4.6,休闲娱乐
theBodyLab身体实验室(王府中环店),19,4.5,休闲娱乐
MO Bar,20,4.4,休闲娱乐
锅边酒话·精酿小酒馆Craft beer(王府井风情街店),20,3.7,休闲娱乐
环游世界(王府井喜悦店),21,4.4,休闲娱乐
穿越中国(王府井喜悦店),21,4.2,休闲娱乐
潮玩星球(王府井喜悦店),21,4.3,休闲娱乐
初音未来主题嘉年华(王府井喜悦店),21,3.7,休闲娱乐
欢喜中国年(王府井喜悦店),22,3.6,休闲娱乐
别闹(喜悦店),21,3.7,休闲娱乐
PlayRoom品格儿童乐园(北京市百货大楼店),18,3.8,休闲娱乐
NEW NEW TOWN扭扭城(王府井喜悦店),22,4.2,休闲娱乐
诗画中国(王府井喜悦店),20,4.6,休闲娱乐
假日经典小剧场,16,4.2,休闲娱乐
WAASAI娃塞娃娃超好抓(王府井喜悦店),21,4.1,休闲娱乐
星柒玖,16,4.1,休闲娱乐
中国儿童艺术剧院,16,4.8,休闲娱乐
哈姆雷斯儿童乐园(北京市百货大楼店),20,4.2,休闲娱乐
北京王府井文华东方酒店,20,4.8,休闲娱乐
次元GO(王府井喜悦店),21,4.4,休闲娱乐
嗨娃塞(东华金街购物中心店),22,3.6,休闲娱乐
雪梨精酿Sydney Coast Brewing(王府井),17,4.1,休闲娱乐
趣空间(王府井喜悦店),20,4.6,休闲娱乐
顿喜Suddenjoy(王府井喜悦店),24,4.0,休闲娱乐
FEELINGME乐刻私教馆·健身(王府井喜悦店),23,4.3,休闲娱乐
十二间手作,21,3.7,休闲娱乐
TAKARATOMY(北京市百货大楼店),20,3.4,休闲娱乐
影石insta360(王府井百货大楼店),20,2.8,休闲娱乐
B&W宝华韦健音响(王府井百货大楼店),20,3.7,休闲娱乐
BIEMLOFEN GOLF(王府井百货店),20,2.0,休闲娱乐
瑞境XR沉浸式展览院线(北京坊店),21,4.0,休闲娱乐
喜剧部落-保利影城天安门店(脱口秀厅),21,4.6,休闲娱乐
瑞境XR沉浸式展览院线(瑞境数字综合体),21,4.2,休闲娱乐
正阳门下(咖啡店下午茶),21,4.3,休闲娱乐
时空幻境心理沉浸密室(王府井北京市百货大楼店),20,4.1,休闲娱乐
猫咖肉垫社(北京坊店),25,4.5,休闲娱乐
横店电影城(北京市百货大楼店),20,4.6,休闲娱乐
METAL HANDS(前门店),29,4.7,休闲娱乐
游幕VR大空间剧院(北京坊店),26,3.4,休闲娱乐
保利国际影城(北京坊店),23,4.7,休闲娱乐
予寻京喜,26,4.0,休闲娱乐
寻酒人XUN•Cocktail&Whisky Bar,26,4.1,休闲娱乐
魅KTV(王府井步行街店),20,4.5,休闲娱乐
巧克玩家(北京喜悦店),20,3.7,休闲娱乐
中国木偶艺术剧院(数字品牌中心),26,4.0,休闲娱乐
香草天台酒吧(北京坊西区店),22,3.9,休闲娱乐
巧克玩家(北京坊店),24,4.3,休闲娱乐
力量钻石(东方广场店),27,3.6,休闲娱乐
清潭里ootd,22,3.8,休闲娱乐
门空间TheDoorSpace,25,4.6,休闲娱乐
文化中国沉浸街区,25,4.2,休闲娱乐
北京音乐厅,33,4.8,休闲娱乐
曼联梦剧场(北京坊店),22,4.7,休闲娱乐
小铁24h自助台球(北京天安门店),28,4.5,休闲娱乐
三喜剧场(曼联梦剧场店),22,4.6,休闲娱乐
沉睡的古堡-MR沉浸式探险之旅,18,3.8,休闲娱乐
网动网球(首都宾馆校区),28,4.2,休闲娱乐
华体逸动篮球运动馆,29,4.3,休闲娱乐
合乒汇乒乓球俱乐部,29,4.0,休闲娱乐
玉东击剑.少儿体能训练馆,29,4.4,休闲娱乐
国王的泥匠,24,3.7,休闲娱乐
无境剧院,19,2.7,休闲娱乐
Tennislife网球学练馆(和平门店),29,4.1,休闲娱乐
MUUMUN ECHO(北京apm店),22,3.3,休闲娱乐
lululemon(北京apm店),22,4.5,休闲娱乐
气球博物馆(北京apm店),20,3.9,休闲娱乐
穿越元明清,24,3.7,休闲娱乐
弓玄射箭馆(王府井店),18,4.2,休闲娱乐
巧艺中国结·非遗手工坊,22,4.0,休闲娱乐
西城大栅栏养老照料中心,24,,休闲娱乐
百老汇新东安影院(北京apm店),21,4.6,休闲娱乐
赋格(王府井店)(暂停营业),17,4.1,休闲娱乐
277 Rooftop Bar(王府井步行街店)(暂停营业),20,4.2,休闲娱乐
大秦纪•沉浸式VR全感剧场(暂停营业),20,4.3,休闲娱乐
和密室日系物语主题密室逃脱,20,3.8,休闲娱乐
灰小鸭运动中心(东方新天地店),28,4.6,休闲娱乐
辰星剧社(前门店),28,4.5,休闲娱乐
夜莺剧场,28,4.5,休闲娱乐
和平酒馆,24,4.6,休闲娱乐
优布劳精酿酒馆(大栅栏店),24,3.7,休闲娱乐
魁德社,27,3.8,休闲娱乐
猎人桌游(银泰in88购物中心店),24,4.4,休闲娱乐
梦幻空间科技馆(北京店),25,4.2,休闲娱乐
飞跃恐龙岛,23,4.2,休闲娱乐
商务部老干部活动中心,23,,休闲娱乐
吉祥大戏院,23,4.7,休闲娱乐
穿越北京,24,4.5,休闲娱乐
PLAYCE插电师电玩(王府井银泰店),24,4.5,休闲娱乐
东方君悦大酒店·凯菲厅,28,3.8,休闲娱乐
北京元宇宙空间(银泰in88购物中心店),25,4.2,休闲娱乐
缘润轩,20,4.1,休闲娱乐
前门街道养老照料中心,26,,休闲娱乐
咖潮玩(北京王府井银泰in88店),25,3.5,休闲娱乐
OXYGYM-S 奥美氧舱运动中心(银泰in88购物中心店),24,4.1,休闲娱乐
单立人DownTown(银泰in88购物中心店),24,4.7,休闲娱乐
三庆园,25,4.4,休闲娱乐
天乐园大戏楼,24,4.6,休闲娱乐
老舍剧场,27,4.6,休闲娱乐
德云社(前门三庆园店),23,4.8,休闲娱乐
八大山人,22,4.4,休闲娱乐
大观楼影城,23,4.6,休闲娱乐
正乙祠戏楼,24,4.4,休闲娱乐
茶源大堂吧Fountain Lounge(北京东方君悦大酒店),27,3.4,休闲娱乐
宝力豪健身(东方新天地店),34,4.4,休闲娱乐
链拳格斗俱乐部(王府井店),21,4.4,休闲娱乐
这家厂牌(东单)剧场,21,4.4,休闲娱乐
新手村PS5·Switch主机游戏馆(世纪大厦店),23,4.2,休闲娱乐
The Truth,33,4.6,休闲娱乐
鲸巍普拉提工作室(王府井店),23,3.6,休闲娱乐
本然造物非遗传习馆,30,4.2,休闲娱乐
派威游泳健身会所(丽苑太和店),23,4.5,休闲娱乐
东单游泳馆,20,4.6,休闲娱乐
云舍小茶馆·棋牌,25,4.5,休闲娱乐
观乐相声茶馆(前门店),24,4.4,休闲娱乐
巷往55号酒馆,30,4.1,休闲娱乐
北京市公安局老干部活动中心(银闸胡同),20,,休闲娱乐
椿树文化广场,28,4.0,休闲娱乐
跃测网球学练馆(崇文门店),26,4.4,休闲娱乐
东单体育馆羽毛球馆,20,4.4,休闲娱乐
北京和平康源健身俱乐部,24,3.9,休闲娱乐
中国国家话剧院先锋智慧剧场,27,4.6,休闲娱乐
必金搏击俱乐部(新活馆店),26,4.2,休闲娱乐
十兑体育羽毛球培训(东单店),20,3.4,休闲娱乐
上房揭瓦·日咖夜酒,30,4.0,休闲娱乐
英卓篮球青少年俱乐部(东单校区),20,3.3,休闲娱乐
中影国际影城(东方新天地店),28,4.7,休闲娱乐
卡洛卡儿童乐园,27,4.4,休闲娱乐
兰瑜伽(新活馆店),26,4.6,休闲娱乐
东单体育中心,20,4.7,休闲娱乐
北京互动网球俱乐部(东单校区),20,3.6,休闲娱乐
东单篮球场,21,4.6,休闲娱乐
北京和平宾馆-大堂吧,22,4.5,休闲娱乐
遇见武当(京十水缘文化发展有限公司),28,3.7,休闲娱乐
东单体育中心-足球场,20,4.5,休闲娱乐
太一棋牌(新活馆店),26,4.3,休闲娱乐
乐亦剧场(新活馆店),26,3.9,休闲娱乐
传奇奢华影城(新活馆店),27,4.5,休闲娱乐
派对兔子气球专卖店(新活馆店),26,3.7,休闲娱乐
悠米乐园,27,4.1,休闲娱乐
王府饭店大堂酒吧,25,4.1,休闲娱乐
燕家2号(大栅栏西街商业店),30,4.6,休闲娱乐
R BAR·咖啡厅·下午茶(王府井金茂万丽酒店),22,3.9,休闲娱乐
王府半岛酒店·半岛健身中心,24,4.0,休闲娱乐
刘老根大舞台,32,4.8,休闲娱乐
夜猫24h自助台球(新活馆店),26,4.5,休闲娱乐
勤思乒乓球俱乐部,30,4.1,休闲娱乐
STUDIO 715,29,4.4,休闲娱乐
西单共享书房,22,3.4,休闲娱乐
大华城市艺术剧院,26,4.1,休闲娱乐
崇文门新怡家园游泳馆,28,4.0,休闲娱乐
搏鸣乒乓球俱乐部(西单校区),24,4.1,休闲娱乐
隐Jia酒吧(前门店),26,4.4,休闲娱乐
夜猫24h自助台球(西单店),24,4.5,休闲娱乐
柒彩天空,23,4.1,休闲娱乐
熊猫电玩ps5·switch主机游戏馆(西单明珠商场店),23,4.3,休闲娱乐
玉石林手作(西单明珠商场店),23,3.7,休闲娱乐
椿树健身广场,29,4.1,休闲娱乐
东城甘雨社区养老服务驿站(柏树胡同7号院店),31,,休闲娱乐
弧线乒乓球俱乐部(西单店),23,3.9,休闲娱乐
风云再起游乐汇(西单明珠商场店),23,4.5,休闲娱乐
卡豆·万智牌·TCG·球星卡,25,4.2,休闲娱乐
清秀阁手作集合店(西单店),23,4.3,休闲娱乐
人艺实验剧场,23,4.6,休闲娱乐
首都剧场,22,4.8,休闲娱乐
SUPER MONKEY 超级猩猩健身(THE NEW西单更新场店),22,4.4,休闲娱乐
北京景山学校(南校区)游泳馆,26,4.4,休闲娱乐
人艺小剧场,22,4.4,休闲娱乐
北京人民艺术剧院,23,4.8,休闲娱乐
lunula酒窝,32,4.6,休闲娱乐
庄胜二期游泳馆,30,4.4,休闲娱乐
MOLYNK,22,3.2,休闲娱乐
天安门,0,,自然景观
天安门-城楼,0,4.5,自然景观
太庙街门,16,3.9,自然景观
中山公园-青云片,5,3.4,自然景观
天安门观礼台,15,4.1,自然景观
天安门前石狮子,14,4.0,自然景观
外金水桥,15,4.3,自然景观
天安门华表,14,3.9,自然景观
故宫博物院-端门,0,3.5,自然景观
中山公园-保卫和平坊,4,3.7,自然景观
郜三喜像,13,3.1,自然景观
槐柏合抱,4,3.4,自然景观
石墩,13,2.9,自然景观
中山公园-孙中山像,4,4.4,自然景观
光荣榜,13,3.0,自然景观
时传祥同志,13,3.3,自然景观
神厨,18,3.3,自然景观
中山公园-南极岩石,3,3.5,自然景观
太庙-神柏,13,3.5,自然景观
中山公园-投壶亭,3,3.0,自然景观
中山公园北斗七松,5,3.2,自然景观
太庙右门,18,4.0,自然景观
景山公园井亭,16,3.6,自然景观
太庙井亭,16,3.0,自然景观
西城楼观旗点,15,4.3,自然景观
中山公园-习礼亭,8,4.0,自然景观
古树,8,3.1,自然景观
中山公园-桃源,5,3.3,自然景观
太庙-鹿形柏,18,3.3,自然景观
戟门桥,13,3.1,自然景观
石狮,5,3.3,自然景观
中山公园-松柏交翠亭,3,3.6,自然景观
五色门,14,3.4,自然景观
长安街,15,4.9,自然景观
前琉璃门,13,3.9,自然景观
天安门广场-国旗,28,4.7,自然景观
升旗台,28,4.2,自然景观
西配殿,18,3.2,自然景观
戟门,16,3.7,自然景观
天安门西红墙文创店,16,4.0,自然景观
太子林,13,3.7,自然景观
中山公园-唐花坞,8,4.1,自然景观
中山公园-绘月石,8,3.3,自然景观
艺苑,17,3.3,自然景观
中山公园-水榭,10,4.0,自然景观
中山公园,5,4.8,自然景观
中山公园五色土,5,3.7,自然景观
中山公园科普小屋,4,3.5,自然景观
徻月,8,2.8,自然景观
太庙,16,4.7,自然景观
中山公园-社稷坛,4,4.1,自然景观
四宜轩,10,3.3,自然景观
神厨神库,5,3.2,自然景观
享殿,16,4.0,自然景观
寝殿西配殿,18,2.7,自然景观
中山公园-金鱼廊,3,3.7,自然景观
游龙戏水,18,3.3,自然景观
太庙东配殿,17,3.7,自然景观
享殿东配殿,17,2.8,自然景观
兰亭八柱亭,8,3.8,自然景观
中山公园-六方亭,10,2.9,自然景观
中山公园-迎晖亭,9,3.5,自然景观
中山公园-梅园,5,3.5,自然景观
中山公园-愉园,2,3.9,自然景观
宰牲亭院落遗址,8,3.5,自然景观
故宫人口画廊,9,3.2,自然景观
灰鹤园,14,3.2,自然景观
祧庙西配殿,21,2.9,自然景观
搴芝石,9,3.1,自然景观
蕙芳园,4,3.9,自然景观
中山公园-戟殿,3,3.2,自然景观
寝殿东配殿,19,3.2,自然景观
阙右门,2,,自然景观
阙左门,2,,自然景观
树上柏,15,2.9,自然景观
祧庙,21,3.3,自然景观
劳动人民文化宫后殿,21,3.5,自然景观
中国人民政治协商会议北京市委员会旧址,3,3.7,自然景观
明成祖手植柏,14,3.7,自然景观
中山公园-格言亭,3,3.8,自然景观
中山公园-茅草亭,4,3.6,自然景观
故宫博物院-东雁翅楼,3,,自然景观
故宫博物院-西雁翅楼,2,,自然景观
南池子大街113号四合院,13,4.0,自然景观
故宫博物院-午门,2,3.8,自然景观
人民英雄纪念碑,17,4.8,自然景观
菖蒲河公园,16,4.4,自然景观
故宫博物院-右掖门,2,,自然景观
故宫博物院-左掖门,3,,自然景观
菖蒲河公园-皇城墙遗址,14,4.0,自然景观
皇史宬,14,4.2,自然景观
故宫博物院-内金水桥,2,3.5,自然景观
天趣园,14,3.9,自然景观
故宫博物院-协和门,3,,自然景观
故宫博物院-熙和门,2,,自然景观
故宫博物院-太和门广场,2,3.5,自然景观
故宫博物院-西南角楼,3,4.6,自然景观
长廊(广场西路),4,3.0,自然景观
中山堂,4,3.9,自然景观
寝殿(中殿),19,3.5,自然景观
故宫博物院-东南角楼,5,,自然景观
故宫博物院-武英门前三座桥,4,3.0,自然景观
天安门广场,26,4.9,自然景观
故宫博物院-文华门,19,,自然景观
故宫博物院-贞度门,2,4.0,自然景观
故宫博物院-断虹桥,4,,自然景观
故宫博物院-昭德门,2,,自然景观
故宫博物院-太和门,2,4.6,自然景观
故宫博物院-凝道殿,4,,自然景观
故宫博物院-武英门,4,,自然景观
故宫博物院-本仁殿,19,,自然景观
梅葆玖故居,10,3.7,自然景观
故宫博物院-焕章殿,4,,自然景观
故宫博物院-文华殿,20,5.0,自然景观
故宫博物院-咸安门,4,,自然景观
故宫博物院-武英殿,4,3.7,自然景观
故宫博物院-主敬殿,18,,自然景观
故宫博物院-宝蕴楼,4,,自然景观
故宫博物院-浴德堂,4,,自然景观
故宫博物院-十八槐,8,,自然景观
故宫博物院-敬思殿,4,,自然景观
故宫博物院-恒寿斋,8,2.6,自然景观
普度寺遗址,17,4.4,自然景观
故宫博物院-文渊阁,19,4.5,自然景观
故宫博物院-体仁阁,19,,自然景观
大陆银行旧址(西交民巷),23,3.7,自然景观
普度寺大殿,17,3.8,自然景观
故宫博物院-弘义阁,8,,自然景观
时代的容颜-东京富士美术馆藏西方人物绘画精品展,35,3.2,自然景观
中国货币通史陈列1号厅,23,3.6,自然景观
北京检察博物馆-原麦加利银行,26,4.0,自然景观
保商银行旧址,24,2.7,自然景观
西交民巷,23,4.2,自然景观
中央银行旧址,24,3.6,自然景观
故宫博物院-嘉量,8,,自然景观
故宫博物院-太和殿日晷,8,,自然景观
翰林院遗址,21,4.2,自然景观
故宫博物院-左翼门,19,2.9,自然景观
故宫博物院-右翼门,8,,自然景观
故宫博物院-中右门,8,,自然景观
故宫博物院-中左门,19,,自然景观
福厅,12,3.5,自然景观
故宫博物院-太和殿,8,4.8,自然景观
美国使馆旧址,25,3.9,自然景观
爱新觉罗溥伦贝子府,17,3.7,自然景观
花马天堂,26,3.5,自然景观
肃亲王府(不对外开放),25,4.2,自然景观
故宫博物院-冰窖,8,3.7,自然景观
中国农工银行旧址,24,3.6,自然景观
西交民巷近代银行建筑群,22,3.2,自然景观
西交民巷近代银行建筑群旧址,23,3.8,自然景观
正阳门城楼,25,4.4,自然景观
天安门广场-正阳门,26,3.5,自然景观
故宫博物院,8,4.9,自然景观
中华汇业银行北京分行旧址,22,3.9,自然景观
军调部中共代表团驻地旧址,11,3.4,自然景观
天安门广场中国公路零公里点,26,3.9,自然景观
故宫博物院-临溪亭,5,,自然景观
故宫博物院-揽胜门,8,2.7,自然景观
故宫博物院-箭亭,19,,自然景观
故宫博物院-慈宁宫花园,5,,自然景观
故宫博物院-延寿堂,5,2.7,自然景观
故宫博物院-保和殿原状陈列,11,3.3,自然景观
故宫博物院-后右门,11,,自然景观
故宫博物院-保和殿,11,,自然景观
故宫博物院-后左门,19,3.1,自然景观
故宫博物院-崇楼,11,3.2,自然景观
故宫博物院-宝相楼,5,,自然景观
故宫博物院-吉云楼,5,,自然景观
故宫博物院-咸若馆,5,,自然景观
故宫博物院-锡庆门,16,,自然景观
故宫博物院-长信门,11,3.0,自然景观
故宫博物院-永康左门,11,,自然景观
京奉铁路正阳门东车站旧址,28,3.8,自然景观
明皇城东安门遗址,14,4.0,自然景观
故宫博物院-慈荫楼,5,,自然景观
故宫博物院-大石雕,11,5.0,自然景观
故宫博物院-九龙壁,17,3.7,自然景观
陈独秀旧居,25,4.4,自然景观
静默寺,19,4.2,自然景观
前门公园,26,4.1,自然景观
北京交通展区,26,3.0,自然景观
北京湾铜雕,26,2.9,自然景观
故宫博物院-钟表馆,16,4.3,自然景观
故宫博物院-诚肃门,16,,自然景观
故宫博物院-南群房,16,,自然景观
故宫博物院-慈宁门,11,,自然景观
故宫博物院-景运门,19,,自然景观
故宫博物院-隆宗门,11,,自然景观
正阳门箭楼,25,4.7,自然景观
故宫博物院-皇极门,16,4.8,自然景观
正金银行旧址,23,3.5,自然景观
故宫博物院-九卿房,11,,自然景观
故宫博物院-内右门,11,,自然景观
故宫博物院-徽音右门,8,2.9,自然景观
故宫博物院-内左门,11,,自然景观
老舍茶馆(前门店),24,4.8,自然景观
回回营清真寺,33,4.0,自然景观
梦云棠,15,4.2,自然景观
开花世物所,19,3.1,自然景观
故宫博物院-乾清门,11,4.9,自然景观
花和谷鲜花店(东方新天地店),20,3.6,自然景观
故宫博物院-仁祥门,11,,自然景观
故宫博物院-雕塑馆,11,3.9,自然景观
故宫博物院-慈宁宫,11,4.4,自然景观
故宫博物院-祥旭门,17,2.9,自然景观
故宫博物院-寿康门,8,3.6,自然景观
北京恐龙之谷,20,1.6,自然景观
故宫博物院-斋宫门,11,3.7,自然景观
熹妃回宫,15,4.3,自然景观
西班牙使馆旧址,21,3.6,自然景观
大美中轴线观光巴士(前门-鼓楼),20,4.3,自然景观
咪次谷,21,3.6,自然景观
故宫博物院-遵义门,10,,自然景观
故宫博物院-月华门,10,,自然景观
交通银行旧址,22,4.0,自然景观
故宫博物院-养心门,10,,自然景观
故宫博物院-日精门,10,,自然景观
月亮湾公园,21,4.1,自然景观
昭显庙,19,3.6,自然景观
汉庭酒店(北京天安门故宫店),10,4.6,酒店住宿
北京香江意舍(天安门王府井店),20,4.6,酒店住宿
人民大会堂宾馆,23,4.7,酒店住宿
逸扉酒店(北京天安门店),19,4.3,酒店住宿
紫金宫饭店,21,4.4,酒店住宿
北京南池子老墙客栈管理有限责任公司,10,,酒店住宿
北京香江意舍天安门王府井店大堂,20,,酒店住宿
北京瑞安宾馆,22,4.6,酒店住宿
皇城小筑,16,,酒店住宿
友方宾馆(北京天安门王府井店),14,4.5,酒店住宿
北京香江戴斯酒店1号楼,20,,酒店住宿
北京万豪行政公寓,20,4.6,酒店住宿
北京饭店诺金-王府井,27,4.6,酒店住宿
全季酒店(北京王府井店),18,4.6,酒店住宿
北京太平轩,9,,酒店住宿
北京天安门王府井美仑酒店,19,4.6,酒店住宿
观旗宾馆(北京天安门广场店),24,4.8,酒店住宿
天安瑞嘉酒店,21,4.0,酒店住宿
木棉花酒店(华京大厦店)-大堂,12,,酒店住宿
木棉花酒店,12,4.2,酒店住宿
南京大饭店,16,4.7,酒店住宿
前门观旗宾馆(北京前门地铁站店),26,4.8,酒店住宿
普度寺八间房,12,,酒店住宿
最高人民法院招待所,25,,酒店住宿
7天优品酒店(北京协和医院王府井地铁站店),19,4.3,酒店住宿
北京万豪行政公寓大堂,19,,酒店住宿
北京云景明谊酒店(王府井店),19,4.6,酒店住宿
普渡寺西巷6号,13,,酒店住宿
宜尚酒店(北京天安门广场前门地铁站店),27,4.6,酒店住宿
正义路酒店(北京王府井天安门广场店),23,4.3,酒店住宿
国帅宾馆(北京天安门广场前门店),22,4.6,酒店住宿
小院儿民宿,17,,酒店住宿
皓阳晚安酒店(北京前门天安门广场店),23,4.5,酒店住宿
北京天安门王府井漫心酒店,18,4.6,酒店住宿
北京饭店A座,27,,酒店住宿
北京饭店C座,26,,酒店住宿
北京饭店金色大厅,26,,酒店住宿
王府井永光酒店,17,4.4,酒店住宿
速8精选酒店(北京天安门广场前门西河沿店),21,4.3,酒店住宿
朗丽兹酒店(北京天安门广场前门地铁站店),20,4.6,酒店住宿
东交民巷饭店,22,3.9,酒店住宿
桔子酒店(北京天安门店),22,4.7,酒店住宿
M·酒店(北京天安门广场前门地铁站店),24,4.8,酒店住宿
如家商旅酒店(北京前门地铁站北京坊店),22,4.8,酒店住宿
人民大会堂宾馆·宴会厅,23,,酒店住宿
前门佳合宾馆,26,4.0,酒店住宿
漫心府(北京天安门故宫店),21,4.8,酒店住宿
北京楠树草堂酒店(天安门广场前门地铁站店),26,4.6,酒店住宿
北京前门十二间四合院,21,4.5,酒店住宿
乐语酒店(王府井步行街店),19,3.7,酒店住宿
和颐至尚酒店(北京天安门王府井地铁站店),24,4.8,酒店住宿
北京饭店大堂,28,,酒店住宿
燕京人人大酒店(北京天安门广场前门地铁站店),26,3.8,酒店住宿
首都宾馆,24,4.7,酒店住宿
北京天安门王府井步行街亚朵酒店,22,4.6,酒店住宿
橙芷·秋果酒店(北京天安门广场店),27,4.8,酒店住宿
北京天安门王府井桔子水晶酒店,16,4.7,酒店住宿
北京王府井文华东方水疗中心,19,4.3,酒店住宿
北京京古四合院,10,3.9,酒店住宿
汉庭酒店(北京王府井协和医院店),24,4.4,酒店住宿
北京京安宾馆,27,3.4,酒店住宿
速8精选酒店(北京天安门王府井步行街店),17,3.3,酒店住宿
旅客之家(前红井胡同),31,,酒店住宿
华风宾馆,24,4.1,酒店住宿
速8酒店(北京天安门广场前门地铁站店),23,4.5,酒店住宿
喆啡酒店(北京天安门王府井地铁站店),19,4.6,酒店住宿
无印良品酒店(北京坊),21,4.6,酒店住宿
秋果升旗·酒店(北京天安门广场前门地铁站店),21,4.8,酒店住宿
北京帅府天苑酒店(王府井协和医院店),25,4.4,酒店住宿
东方圣达酒店(北京天安门广场王府井地铁站店),23,4.9,酒店住宿
金果精选酒店(北京故宫王府井店),15,4.7,酒店住宿
99优选酒店(天安门广场店),24,3.0,酒店住宿
北京王府井文华东方酒店大堂,20,,酒店住宿
温馨家园,24,,酒店住宿
博仁宾馆(前门东大街),26,3.7,酒店住宿
漫心酒店(北京王府井店)-大堂,18,,酒店住宿
南京大饭店大堂,15,,酒店住宿
宝立新兴酒店(北京天安门广场前门大栅栏店),23,4.2,酒店住宿
北京饭店E座,20,,酒店住宿
ZMAX满兮酒店(北京天安门广场前门地铁站店),24,4.8,酒店住宿
凯利招待所民宿(王府井店),24,,酒店住宿
如家商旅酒店北京前门北京坊店大堂,22,,酒店住宿
秋旗酒店(北京天安门广场前门店),23,4.4,酒店住宿
北京京韵十七筑四合院酒店,30,4.6,酒店住宿
北京东方君悦大酒店,26,4.8,酒店住宿
麗枫酒店(北京天安门广场王府井大街店),18,4.7,酒店住宿
庆安仁宾馆(北京前门大栅栏店),22,4.6,酒店住宿
北京福禄久四合院,26,4.2,酒店住宿
华雅快捷酒店(王府井店),15,3.7,酒店住宿
前门共享际四合院(天安门广场前门店),26,4.6,酒店住宿
北方佳苑饭店,24,4.5,酒店住宿
7天优品酒店(北京天安门广场西单地铁站店),28,3.8,酒店住宿
北京天安门王府井步行街亚朵酒店大堂,20,,酒店住宿
漫曲酒店(北京王府井店),18,4.3,酒店住宿
锦城凯艺花园酒店,18,,酒店住宿
桔子水晶北京王府井大街酒店大堂,16,,酒店住宿
北京天安门花间堂·御道,24,4.7,酒店住宿
速8精选酒店(北京天安门店),28,4.5,酒店住宿
麗枫酒店(北京天安门广场前门大街店),21,4.5,酒店住宿
北京天安门广场便宜坊酒店(前门地铁站店),24,4.6,酒店住宿
橙芷秋果酒店(北京天安门广场店)-大堂,27,,酒店住宿
汉庭酒店(北京天安门广场前门店),22,4.3,酒店住宿
漫心酒店(北京天安门广场店),25,4.9,酒店住宿
青年公寓,22,,酒店住宿
北京前门扇酒店,33,4.8,酒店住宿
汉庭酒店(北京前门店),26,4.4,酒店住宿
北京王府井希尔顿酒店,24,4.4,酒店住宿
宜必思酒店(北京天安门广场店),24,4.7,酒店住宿
京文宾馆(前门店),33,4.0,酒店住宿
北京饭店A座大厅,27,,酒店住宿
你好酒店(北京天安门广场大栅栏酒店),25,4.5,酒店住宿
7天连锁酒店(北京天安门广场店),25,4.5,酒店住宿
府右街宾馆,21,4.7,酒店住宿
建国·璞隐酒店(北京天安门王府井店),25,4.7,酒店住宿
北京前门长得福精品酒店,23,4.1,酒店住宿
北京吉尔达宾馆(天安门广场大栅栏店),25,4.5,酒店住宿
首都宾馆A座,24,4.8,酒店住宿
如家精选酒店(北京天安门广场前门大栅栏步行街店),24,4.5,酒店住宿
7天优品酒店北京天安门店大堂,28,4.0,酒店住宿
北京东华门宾馆,21,3.3,酒店住宿
全季酒店(北京前门地铁站店),23,4.7,酒店住宿
北京盛堂居,23,,酒店住宿
桔子酒店(北京天安门大栅栏店),23,4.5,酒店住宿
潮漫酒店(北京天安门广场店),24,4.5,酒店住宿
天伦王朝酒店,20,4.6,酒店住宿
前门宾馆(北京前门大栅栏店),32,3.8,酒店住宿
鲁泰宾馆,24,,酒店住宿
京韵十七筑特色民宿(排子胡同1号分店),30,4.2,酒店住宿
皓阳心晴酒店(北京前门大栅栏步行街店),23,4.5,酒店住宿
北京隐世·叠院儿胡同酒店,24,3.8,酒店住宿
北京华尔道夫酒店,23,4.8,酒店住宿
7天优品酒店(大栅栏西街商业店),23,4.4,酒店住宿
飘home酒店(王府井店),16,,酒店住宿
途179连锁酒店(北京天安门店),37,3.5,酒店住宿
玉阁宾馆,29,4.1,酒店住宿
北京天安门前门大街漫心酒店,26,4.8,酒店住宿
京安宾馆14号楼,25,,酒店住宿
北京678商务酒店(天安门广场店),22,3.7,酒店住宿
北京前门大栅栏亚朵酒店,24,4.7,酒店住宿
北京东方君悦大酒店大堂,27,,酒店住宿
时光漫步酒店(北京天安门广场店),22,4.9,酒店住宿
北京婧小院酒店(王府井天安门广场店),25,4.8,酒店住宿
琳宜精选酒店(北京天安门广场前门店),26,4.7,酒店住宿
北京天安门前门大街左庭上院酒店,24,4.9,酒店住宿
秋果溪院(北京天安门广场前门店),25,4.8,酒店住宿
北京前门四合院漫心府,24,4.7,酒店住宿
东都宾馆(东交民巷),23,,酒店住宿
天宝珠宾馆(前门店),24,2.8,酒店住宿
BeijingNanshuCaotangHotel(Qianmen),26,,酒店住宿
懿庭臻舍酒店(北京天安门广场店),24,4.5,酒店住宿
燕都金街宾馆,22,,酒店住宿
北京天马客房,23,3.3,酒店住宿
白玉兰酒店(北京天安门广场前门店),23,4.2,酒店住宿
希岸酒店(北京天安门广场前门步行街店),24,4.6,酒店住宿
COFFIZZ高富诗酒店(北京天安门王府井教堂店),33,4.7,酒店住宿
北京前门美居酒店,24,4.8,酒店住宿
前进旅馆(弓子胡同),23,,酒店住宿
国际艺苑大酒店,20,4.4,酒店住宿
天伦松鹤大饭店,22,4.4,酒店住宿
京漫智旅酒店(天安门广场前门地铁站店),23,4.6,酒店住宿
北京王府井希尔顿酒店大堂,20,,酒店住宿
京漫智旅酒店(北京前门大栅栏店),24,4.7,酒店住宿
维斯特酒店(天安门大栅栏西街店),24,4.4,酒店住宿
北京金茂万丽酒店,22,4.7,酒店住宿
华驿酒店(北京前门大栅栏店),25,3.3,酒店住宿
秋果溪院(北京天安门广场大栅栏店),28,4.8,酒店住宿
喆啡酒店(北京天安门广场前门大街地铁站店),27,4.5,酒店住宿
北京王府半岛酒店,26,4.7,酒店住宿
汉庭酒店(北京天安门广场店),32,4.7,酒店住宿
金悦公寓,34,,酒店住宿
东方人家宾馆,23,2.8,酒店住宿
锦江之星(北京王府井步行街酒店),22,4.5,酒店住宿
青年公寓,24,,酒店住宿
秋果·乾程酒店(北京前门店),27,4.4,酒店住宿
花里别院,23,,酒店住宿
北京东方之家酒店(王府井协和医院店),25,3.9,酒店住宿
正阳西舍酒店(北京天安门广场大栅栏西街店),23,4.2,酒店住宿
北京前门青云阁酒店,23,3.8,酒店住宿
首都宾馆B座,24,,酒店住宿
皓阳文化酒店(大栅栏西街店),33,4.6,酒店住宿
北京前门客栈(前门大栅栏店),22,4.2,酒店住宿
鸿益宾馆(粮食店街店),28,3.9,酒店住宿
合德缘四合院酒店(北京天安门广场珠市口地铁站店),27,4.6,酒店住宿
格林豪泰酒店(北京前门大栅栏店),25,3.4,酒店住宿
北京新世界酒店(祈年大街店),24,4.7,酒店住宿
隐沫酒店(北京天安门广场前门店),33,4.4,酒店住宿
桔子酒店(北京王府井店),32,4.5,酒店住宿
和平宾馆,21,4.4,酒店住宿
希岸·轻雅酒店(北京天安门广场前门地铁站店),26,4.6,酒店住宿
红墙·秋果酒店(北京天安门广场前门步行街店),28,4.6,酒店住宿
全季酒店(北京西单店),23,4.6,酒店住宿
